album_name,track_title,track_n,lyric,line
1989 (Deluxe),Welcome to New York,1,"Walking through a crowd, the village is aglow",1
1989 (Deluxe),Welcome to New York,1,Kaleidoscope of loud heartbeats under coats,2
1989 (Deluxe),Welcome to New York,1,Everybody here wanted something more,3
1989 (Deluxe),Welcome to New York,1,Searching for a sound we hadn't heard before,4
1989 (Deluxe),Welcome to New York,1,And it said,5
1989 (Deluxe),Welcome to New York,1,"Welcome to New York, it's been waiting for you",6
1989 (Deluxe),Welcome to New York,1,"Welcome to New York, welcome to New York",7
1989 (Deluxe),Welcome to New York,1,"Welcome to New York, it's been waiting for you",8
1989 (Deluxe),Welcome to New York,1,"Welcome to New York, welcome to New York",9
1989 (Deluxe),Welcome to New York,1,"It's a new soundtrack, I could dance to this beat, beat, forevermore",10
1989 (Deluxe),Welcome to New York,1,"The lights are so bright but they never blind me, me",11
1989 (Deluxe),Welcome to New York,1,"Welcome to New York, it's been waiting for you",12
1989 (Deluxe),Welcome to New York,1,"Welcome to New York, welcome to New York",13
1989 (Deluxe),Welcome to New York,1,When we first dropped our bags on apartment floors,14
1989 (Deluxe),Welcome to New York,1,"Took our broken hearts, put them in a drawer",15
1989 (Deluxe),Welcome to New York,1,Everybody here was someone else before,16
1989 (Deluxe),Welcome to New York,1,And you can want who you want,17
1989 (Deluxe),Welcome to New York,1,Boys and boys and girls and girls,18
1989 (Deluxe),Welcome to New York,1,"Welcome to New York, it's been waiting for you",19
1989 (Deluxe),Welcome to New York,1,"Welcome to New York, welcome to New York",20
1989 (Deluxe),Welcome to New York,1,"Welcome to New York, it's been waiting for you",21
1989 (Deluxe),Welcome to New York,1,"Welcome to New York, welcome to New York",22
1989 (Deluxe),Welcome to New York,1,"It's a new soundtrack, I could dance to this beat, beat, forevermore",23
1989 (Deluxe),Welcome to New York,1,"The lights are so bright, but they never blind me, me",24
1989 (Deluxe),Welcome to New York,1,"Welcome to New York (New York), it's been waiting for you",25
1989 (Deluxe),Welcome to New York,1,"Welcome to New York, welcome to New York",26
1989 (Deluxe),Welcome to New York,1,"Like any great love, it keeps you guessing",27
1989 (Deluxe),Welcome to New York,1,"Like any real love, it's ever-changing",28
1989 (Deluxe),Welcome to New York,1,"Like any true love, it drives you crazy",29
1989 (Deluxe),Welcome to New York,1,"But you know you wouldn't change anything, anything, anything",30
1989 (Deluxe),Welcome to New York,1,"Welcome to New York, it's been waiting for you",31
1989 (Deluxe),Welcome to New York,1,"Welcome to New York, welcome to New York",32
1989 (Deluxe),Welcome to New York,1,"Welcome to New York, it's been waiting for you",33
1989 (Deluxe),Welcome to New York,1,"Welcome to New York, welcome to New York",34
1989 (Deluxe),Welcome to New York,1,"It's a new soundtrack, I could dance to this beat",35
1989 (Deluxe),Welcome to New York,1,"The lights are so bright, but they never blind me",36
1989 (Deluxe),Welcome to New York,1,Welcome to New York (New soundtrack),37
1989 (Deluxe),Welcome to New York,1,It's been waiting for you,38
1989 (Deluxe),Welcome to New York,1,Welcome to New York,39
1989 (Deluxe),Welcome to New York,1,The lights are so bright but they never blind me,40
1989 (Deluxe),Welcome to New York,1,Welcome to New York,41
1989 (Deluxe),Welcome to New York,1,"So bright, they never blind me",42
1989 (Deluxe),Welcome to New York,1,Welcome to New York,43
1989 (Deluxe),Welcome to New York,1,Welcome to New York,44
1989 (Deluxe),Blank Space,2,"Nice to meet you, where you been?",1
1989 (Deluxe),Blank Space,2,I could show you incredible things,2
1989 (Deluxe),Blank Space,2,"Magic, madness, heaven, sin",3
1989 (Deluxe),Blank Space,2,"Saw you there, and I thought",4
1989 (Deluxe),Blank Space,2,"""Oh my God, look at that face",5
1989 (Deluxe),Blank Space,2,You look like my next mistake,6
1989 (Deluxe),Blank Space,2,"Love's a game, wanna play?""",7
1989 (Deluxe),Blank Space,2,Ayy,8
1989 (Deluxe),Blank Space,2,"New money, suit and tie",9
1989 (Deluxe),Blank Space,2,I can read you like a magazine,10
1989 (Deluxe),Blank Space,2,Ain't it funny? Rumors fly,11
1989 (Deluxe),Blank Space,2,And I know you heard about me,12
1989 (Deluxe),Blank Space,2,"So hey, let's be friends",13
1989 (Deluxe),Blank Space,2,I'm dyin' to see how this one ends,14
1989 (Deluxe),Blank Space,2,Grab your passport and my hand,15
1989 (Deluxe),Blank Space,2,I can make the bad guys good for a weekend,16
1989 (Deluxe),Blank Space,2,So it's gonna be forever,17
1989 (Deluxe),Blank Space,2,Or it's gonna go down in flames,18
1989 (Deluxe),Blank Space,2,"You can tell me when it's over, mm",19
1989 (Deluxe),Blank Space,2,If the high was worth the pain,20
1989 (Deluxe),Blank Space,2,Got a long list of ex-lovers,21
1989 (Deluxe),Blank Space,2,They'll tell you I'm insane,22
1989 (Deluxe),Blank Space,2,'Cause you know I love the players,23
1989 (Deluxe),Blank Space,2,And you love the game,24
1989 (Deluxe),Blank Space,2,'Cause we're young and we're reckless,25
1989 (Deluxe),Blank Space,2,We'll take this way too far,26
1989 (Deluxe),Blank Space,2,"It'll leave you breathless, hmm",27
1989 (Deluxe),Blank Space,2,Or with a nasty scar,28
1989 (Deluxe),Blank Space,2,Got a long list of ex-lovers,29
1989 (Deluxe),Blank Space,2,They'll tell you I'm insane,30
1989 (Deluxe),Blank Space,2,"But I've got a blank space, baby",31
1989 (Deluxe),Blank Space,2,And I'll write your name,32
1989 (Deluxe),Blank Space,2,Joeboy 'Sip (Alcohol)' Official Lyrics & Meaning | Verified,33
1989 (Deluxe),Blank Space,2,"Cherry lips, crystal skies",34
1989 (Deluxe),Blank Space,2,I could show you incredible things,35
1989 (Deluxe),Blank Space,2,"Stolen kisses, pretty lies",36
1989 (Deluxe),Blank Space,2,"You're the King, baby, I'm your Queen",37
1989 (Deluxe),Blank Space,2,Find out what you want,38
1989 (Deluxe),Blank Space,2,Be that girl for a month,39
1989 (Deluxe),Blank Space,2,"Wait, the worst is yet to come",40
1989 (Deluxe),Blank Space,2,"Oh, no",41
1989 (Deluxe),Blank Space,2,"Screaming, crying, perfect storms",42
1989 (Deluxe),Blank Space,2,I can make all the tables turn,43
1989 (Deluxe),Blank Space,2,Rose garden filled with thorns,44
1989 (Deluxe),Blank Space,2,Keep you second guessin' like,45
1989 (Deluxe),Blank Space,2,"""Oh my God, who is she?""",46
1989 (Deluxe),Blank Space,2,I get drunk on jealousy,47
1989 (Deluxe),Blank Space,2,But you'll come back each time you leave,48
1989 (Deluxe),Blank Space,2,"'Cause, darling, I'm a nightmare dressed like a daydream",49
1989 (Deluxe),Blank Space,2,So it's gonna be forever,50
1989 (Deluxe),Blank Space,2,Or it's gonna go down in flames,51
1989 (Deluxe),Blank Space,2,"You can tell me when it's over, mm",52
1989 (Deluxe),Blank Space,2,If the high was worth the pain,53
1989 (Deluxe),Blank Space,2,Got a long list of ex-lovers,54
1989 (Deluxe),Blank Space,2,They'll tell you I'm insane,55
1989 (Deluxe),Blank Space,2,'Cause you know I love the players,56
1989 (Deluxe),Blank Space,2,And you love the game,57
1989 (Deluxe),Blank Space,2,'Cause we're young and we're reckless,58
1989 (Deluxe),Blank Space,2,We'll take this way too far,59
1989 (Deluxe),Blank Space,2,"It'll leave you breathless, hmm",60
1989 (Deluxe),Blank Space,2,Or with a nasty scar,61
1989 (Deluxe),Blank Space,2,Got a long list of ex-lovers,62
1989 (Deluxe),Blank Space,2,They'll tell you I'm insane,63
1989 (Deluxe),Blank Space,2,"But I've got a blank space, baby",64
1989 (Deluxe),Blank Space,2,And I'll write your name,65
1989 (Deluxe),Blank Space,2,Boys only want love if it's torture,66
1989 (Deluxe),Blank Space,2,"Don't say I didn't, say I didn't warn ya",67
1989 (Deluxe),Blank Space,2,Boys only want love if it's torture,68
1989 (Deluxe),Blank Space,2,"Don't say I didn't, say I didn't warn ya",69
1989 (Deluxe),Blank Space,2,So it's gonna be forever,70
1989 (Deluxe),Blank Space,2,Or it's gonna go down in flames,71
1989 (Deluxe),Blank Space,2,"You can tell me when it's over, mm",72
1989 (Deluxe),Blank Space,2,If the high was worth the pain,73
1989 (Deluxe),Blank Space,2,Got a long list of ex-lovers,74
1989 (Deluxe),Blank Space,2,They'll tell you I'm insane,75
1989 (Deluxe),Blank Space,2,'Cause you know I love the players,76
1989 (Deluxe),Blank Space,2,And you love the game,77
1989 (Deluxe),Blank Space,2,'Cause we're young and we're reckless,78
1989 (Deluxe),Blank Space,2,We'll take this way too far,79
1989 (Deluxe),Blank Space,2,"It'll leave you breathless, hmm",80
1989 (Deluxe),Blank Space,2,Or with a nasty scar,81
1989 (Deluxe),Blank Space,2,Got a long list of ex-lovers,82
1989 (Deluxe),Blank Space,2,They'll tell you I'm insane,83
1989 (Deluxe),Blank Space,2,"But I've got a blank space, baby",84
1989 (Deluxe),Blank Space,2,And I'll write your name,85
1989 (Deluxe),Style,3,Midnight,1
1989 (Deluxe),Style,3,"You come and pick me up, no headlights",2
1989 (Deluxe),Style,3,A long drive,3
1989 (Deluxe),Style,3,Could end in burning flames or paradise,4
1989 (Deluxe),Style,3,"Fade into view, oh",5
1989 (Deluxe),Style,3,It's been a while since I have even heard from you,6
1989 (Deluxe),Style,3,(Heard from you),7
1989 (Deluxe),Style,3,"And I should just tell you to leave, 'cause I",8
1989 (Deluxe),Style,3,"Know exactly where it leads, but I",9
1989 (Deluxe),Style,3,Watch us go 'round and 'round each time,10
1989 (Deluxe),Style,3,You got that James Dean daydream look in your eye,11
1989 (Deluxe),Style,3,And I got that red lip classic thing that you like,12
1989 (Deluxe),Style,3,"And when we go crashing down, we come back every time",13
1989 (Deluxe),Style,3,"'Cause we never go out of style, we never go out of style",14
1989 (Deluxe),Style,3,"You got that long hair, slicked back, white t-shirt",15
1989 (Deluxe),Style,3,And I got that good girl faith and a tight little skirt,16
1989 (Deluxe),Style,3,"And when we go crashing down, we come back every time",17
1989 (Deluxe),Style,3,"'Cause we never go out of style, we never go out of style",18
1989 (Deluxe),Style,3,So it goes,19
1989 (Deluxe),Style,3,He can't keep his wild eyes on the road (Mmm),20
1989 (Deluxe),Style,3,Takes me home,21
1989 (Deluxe),Style,3,"The lights are off, he's taking off his coat (Mmm, yeah)",22
1989 (Deluxe),Style,3,"I say, ""I heard, oh",23
1989 (Deluxe),Style,3,"That you've been out and about with some other girl""",24
1989 (Deluxe),Style,3,Some other girl,25
1989 (Deluxe),Style,3,"He says, ""What you heard is true, but I",26
1989 (Deluxe),Style,3,"Can't stop thinking 'bout you and I""",27
1989 (Deluxe),Style,3,"I said, ""I've been there too a few times""",28
1989 (Deluxe),Style,3,'Cause you got that James Dean daydream look in your eye,29
1989 (Deluxe),Style,3,And I got that red lip classic thing that you like,30
1989 (Deluxe),Style,3,"And when we go crashing down, we come back every time",31
1989 (Deluxe),Style,3,"'Cause we never go out of style, we never go out of style",32
1989 (Deluxe),Style,3,"You got that long hair, slicked back, white t-shirt",33
1989 (Deluxe),Style,3,And I got that good girl faith and a tight little skirt,34
1989 (Deluxe),Style,3,(A tight little skirt),35
1989 (Deluxe),Style,3,"And when we go crashing down, we come back every time",36
1989 (Deluxe),Style,3,"'Cause we never go out of style (We never go, we never go)",37
1989 (Deluxe),Style,3,We never go out of style,38
1989 (Deluxe),Style,3,Take me home,39
1989 (Deluxe),Style,3,Just take me home,40
1989 (Deluxe),Style,3,"Yeah, just take me home",41
1989 (Deluxe),Style,3,"Oh-oh, whoa-oh, oh",42
1989 (Deluxe),Style,3,(Out of style),43
1989 (Deluxe),Style,3,"Oh, you got that James Dean daydream look in your eye",44
1989 (Deluxe),Style,3,And I got that red lip classic thing that you like,45
1989 (Deluxe),Style,3,And when we go crashing down (And when we go),46
1989 (Deluxe),Style,3,We come back every time,47
1989 (Deluxe),Style,3,"'Cause we never go out of style, we never go out of style",48
1989 (Deluxe),Out of the Woods,4,Looking at it now,1
1989 (Deluxe),Out of the Woods,4,It all seems so simple,2
1989 (Deluxe),Out of the Woods,4,We were lying on your couch,3
1989 (Deluxe),Out of the Woods,4,I remember,4
1989 (Deluxe),Out of the Woods,4,You took a Polaroid of us,5
1989 (Deluxe),Out of the Woods,4,Then discovered (Then discovered),6
1989 (Deluxe),Out of the Woods,4,The rest of the world was black and white,7
1989 (Deluxe),Out of the Woods,4,But we were in screaming color,8
1989 (Deluxe),Out of the Woods,4,And I remember thinking,9
1989 (Deluxe),Out of the Woods,4,Are we out of the woods yet? Are we out of the woods yet?,10
1989 (Deluxe),Out of the Woods,4,Are we out of the woods yet? Are we out of the woods?,11
1989 (Deluxe),Out of the Woods,4,Are we in the clear yet? Are we in the clear yet?,12
1989 (Deluxe),Out of the Woods,4,"Are we in the clear yet, in the clear yet? Good",13
1989 (Deluxe),Out of the Woods,4,Are we out of the woods yet? Are we out of the woods yet?,14
1989 (Deluxe),Out of the Woods,4,Are we out of the woods yet? Are we out of the woods?,15
1989 (Deluxe),Out of the Woods,4,Are we in the clear yet? Are we in the clear yet?,16
1989 (Deluxe),Out of the Woods,4,"Are we in the clear yet, in the clear yet? Good",17
1989 (Deluxe),Out of the Woods,4,(Are we out of the woods?),18
1989 (Deluxe),Out of the Woods,4,Looking at it now,19
1989 (Deluxe),Out of the Woods,4,Last December (Last December),20
1989 (Deluxe),Out of the Woods,4,We were built to fall apart,21
1989 (Deluxe),Out of the Woods,4,Then fall back together (Back together),22
1989 (Deluxe),Out of the Woods,4,"Ooh, your necklace hanging from my neck",23
1989 (Deluxe),Out of the Woods,4,The night we couldn't quite forget,24
1989 (Deluxe),Out of the Woods,4,"When we decided, we decided",25
1989 (Deluxe),Out of the Woods,4,To move the furniture so we could dance,26
1989 (Deluxe),Out of the Woods,4,"Baby, like we stood a chance",27
1989 (Deluxe),Out of the Woods,4,"Two paper airplanes flying, flying, flying",28
1989 (Deluxe),Out of the Woods,4,And I remember thinking,29
1989 (Deluxe),Out of the Woods,4,Joeboy 'Sip (Alcohol)' Official Lyrics & Meaning | Verified,30
1989 (Deluxe),Out of the Woods,4,Are we out of the woods yet? Are we out of the woods yet?,31
1989 (Deluxe),Out of the Woods,4,Are we out of the woods yet? Are we out of the woods?,32
1989 (Deluxe),Out of the Woods,4,Are we in the clear yet? Are we in the clear yet?,33
1989 (Deluxe),Out of the Woods,4,"Are we in the clear yet, in the clear yet? Good",34
1989 (Deluxe),Out of the Woods,4,Are we out of the woods yet? Are we out of the woods yet?,35
1989 (Deluxe),Out of the Woods,4,Are we out of the woods yet? (Oh) Are we out of the woods?,36
1989 (Deluxe),Out of the Woods,4,Are we in the clear yet? Are we in the clear yet?,37
1989 (Deluxe),Out of the Woods,4,"Are we in the clear yet, in the clear yet? Good",38
1989 (Deluxe),Out of the Woods,4,(Are we out of the woods?),39
1989 (Deluxe),Out of the Woods,4,Remember when you hit the brakes too soon?,40
1989 (Deluxe),Out of the Woods,4,Twenty stitches in a hospital room,41
1989 (Deluxe),Out of the Woods,4,"When you started crying, baby, I did too",42
1989 (Deluxe),Out of the Woods,4,"But when the sun came up, I was looking at you",43
1989 (Deluxe),Out of the Woods,4,Remember when we couldn't take the heat?,44
1989 (Deluxe),Out of the Woods,4,"I walked out, I said, ""I'm setting you free""",45
1989 (Deluxe),Out of the Woods,4,But the monsters turned out to be just trees,46
1989 (Deluxe),Out of the Woods,4,"When the sun came up, you were looking at me",47
1989 (Deluxe),Out of the Woods,4,"You were looking at me, ooh",48
1989 (Deluxe),Out of the Woods,4,You were looking at me,49
1989 (Deluxe),Out of the Woods,4,(Are we out of the woods yet? Are we out of the woods yet?),50
1989 (Deluxe),Out of the Woods,4,(Are we out of the woods yet? Are we out of the woods?),51
1989 (Deluxe),Out of the Woods,4,I remember,52
1989 (Deluxe),Out of the Woods,4,(Are we in the clear yet? Are we in the clear yet?),53
1989 (Deluxe),Out of the Woods,4,"(Are we in the clear yet, in the clear yet? Good)",54
1989 (Deluxe),Out of the Woods,4,"Oh, I remember",55
1989 (Deluxe),Out of the Woods,4,Are we out of the woods yet? Are we out of the woods yet? (Yeah),56
1989 (Deluxe),Out of the Woods,4,Are we out of the woods yet? Are we out of the woods?,57
1989 (Deluxe),Out of the Woods,4,Are we in the clear yet? Are we in the clear yet? (Are we?),58
1989 (Deluxe),Out of the Woods,4,"Are we in the clear yet, in the clear yet? Good",59
1989 (Deluxe),Out of the Woods,4,Are we out of the woods yet? Are we out of the woods yet?,60
1989 (Deluxe),Out of the Woods,4,Are we out of the woods yet? Are we out of the woods?,61
1989 (Deluxe),Out of the Woods,4,Are we in the clear yet? (Yeah) Are we in the clear yet? (Yeah),62
1989 (Deluxe),Out of the Woods,4,"Are we in the clear yet, in the clear yet? Good",63
1989 (Deluxe),Out of the Woods,4,Are we out of the woods yet? Are we out of the woods yet?,64
1989 (Deluxe),Out of the Woods,4,Are we out of the woods yet? Are we out of the woods?,65
1989 (Deluxe),Out of the Woods,4,Are we in the clear yet? Are we in the clear yet?,66
1989 (Deluxe),Out of the Woods,4,"Are we in the clear yet, in the clear yet? Good",67
1989 (Deluxe),Out of the Woods,4,Are we out of the woods yet? Are we out of the woods yet?,68
1989 (Deluxe),Out of the Woods,4,Are we out of the woods yet? Are we out of the woods?,69
1989 (Deluxe),Out of the Woods,4,Are we in the clear yet? Are we in the clear yet?,70
1989 (Deluxe),Out of the Woods,4,"Are we in the clear yet, in the clear yet? Good",71
1989 (Deluxe),All You Had to Do Was Stay,5,"(Hey, hey, hey)",1
1989 (Deluxe),All You Had to Do Was Stay,5,"(Hey, hey, hey)",2
1989 (Deluxe),All You Had to Do Was Stay,5,"(Hey, hey, hey)",3
1989 (Deluxe),All You Had to Do Was Stay,5,"(Hey, hey, hey)",4
1989 (Deluxe),All You Had to Do Was Stay,5,People like you always want back,5
1989 (Deluxe),All You Had to Do Was Stay,5,The love they gave away,6
1989 (Deluxe),All You Had to Do Was Stay,5,And people like me wanna believe you,7
1989 (Deluxe),All You Had to Do Was Stay,5,When you say you've changed,8
1989 (Deluxe),All You Had to Do Was Stay,5,The more I think about it now,9
1989 (Deluxe),All You Had to Do Was Stay,5,The less I know,10
1989 (Deluxe),All You Had to Do Was Stay,5,All I know is that you drove us,11
1989 (Deluxe),All You Had to Do Was Stay,5,Off the road,12
1989 (Deluxe),All You Had to Do Was Stay,5,"(Stay) Hey, all you had to do was stay",13
1989 (Deluxe),All You Had to Do Was Stay,5,"Had me in the palm of your hand, then",14
1989 (Deluxe),All You Had to Do Was Stay,5,Why'd you have to go and lock me out when I let you in?,15
1989 (Deluxe),All You Had to Do Was Stay,5,"(Stay) Hey, now you say you want it back",16
1989 (Deluxe),All You Had to Do Was Stay,5,Now that it's just too late,17
1989 (Deluxe),All You Had to Do Was Stay,5,"Well, could've been easy",18
1989 (Deluxe),All You Had to Do Was Stay,5,All you had to do was (Stay),19
1989 (Deluxe),All You Had to Do Was Stay,5,All you had to do was (Stay),20
1989 (Deluxe),All You Had to Do Was Stay,5,All you had to do was (Stay),21
1989 (Deluxe),All You Had to Do Was Stay,5,All you had to do was (Stay),22
1989 (Deluxe),All You Had to Do Was Stay,5,All you had to do was stay,23
1989 (Deluxe),All You Had to Do Was Stay,5,"Here you are now, calling me up",24
1989 (Deluxe),All You Had to Do Was Stay,5,But I don't know what to say,25
1989 (Deluxe),All You Had to Do Was Stay,5,I've been picking up the pieces,26
1989 (Deluxe),All You Had to Do Was Stay,5,Of the mess you made,27
1989 (Deluxe),All You Had to Do Was Stay,5,People like you always want back,28
1989 (Deluxe),All You Had to Do Was Stay,5,The love they pushed aside,29
1989 (Deluxe),All You Had to Do Was Stay,5,But people like me are gone forever,30
1989 (Deluxe),All You Had to Do Was Stay,5,When you say goodbye,31
1989 (Deluxe),All You Had to Do Was Stay,5,"(Stay) Hey, all you had to do was stay",32
1989 (Deluxe),All You Had to Do Was Stay,5,"Had me in the palm of your hand, then",33
1989 (Deluxe),All You Had to Do Was Stay,5,Why'd you have to go and lock me out when I let you in?,34
1989 (Deluxe),All You Had to Do Was Stay,5,"(Stay) Hey, now you say you want it back",35
1989 (Deluxe),All You Had to Do Was Stay,5,Now that it's just too late,36
1989 (Deluxe),All You Had to Do Was Stay,5,"Well, could've been easy",37
1989 (Deluxe),All You Had to Do Was Stay,5,All you had to do was (Stay),38
1989 (Deluxe),All You Had to Do Was Stay,5,All you had to do was (Stay),39
1989 (Deluxe),All You Had to Do Was Stay,5,All you had to do was (Stay),40
1989 (Deluxe),All You Had to Do Was Stay,5,"All you had to do was (Stay, stay, stay, stay, stay)",41
1989 (Deluxe),All You Had to Do Was Stay,5,Let me remind you,42
1989 (Deluxe),All You Had to Do Was Stay,5,"This was what you wanted (Oh, oh, oh-oh-oh)",43
1989 (Deluxe),All You Had to Do Was Stay,5,You ended it,44
1989 (Deluxe),All You Had to Do Was Stay,5,"You were all I wanted (Oh, oh, oh-oh-oh)",45
1989 (Deluxe),All You Had to Do Was Stay,5,But not like this,46
1989 (Deluxe),All You Had to Do Was Stay,5,Not like this,47
1989 (Deluxe),All You Had to Do Was Stay,5,Not like this,48
1989 (Deluxe),All You Had to Do Was Stay,5,"Oh, all you had to do was...",49
1989 (Deluxe),All You Had to Do Was Stay,5,"(Stay) Hey, all you had to do was stay",50
1989 (Deluxe),All You Had to Do Was Stay,5,"Had me in the palm of your hand, then",51
1989 (Deluxe),All You Had to Do Was Stay,5,Why'd you want to go and lock me out when I let you in?,52
1989 (Deluxe),All You Had to Do Was Stay,5,"(Stay) Hey, now you say you want it back",53
1989 (Deluxe),All You Had to Do Was Stay,5,Now that it's just too late,54
1989 (Deluxe),All You Had to Do Was Stay,5,"Well, could've been easy",55
1989 (Deluxe),All You Had to Do Was Stay,5,All you had to do was...,56
1989 (Deluxe),All You Had to Do Was Stay,5,"(Stay) Hey, all you had to do was stay",57
1989 (Deluxe),All You Had to Do Was Stay,5,"Had me in the palm of your hand, then",58
1989 (Deluxe),All You Had to Do Was Stay,5,Why'd you have to go and lock me out when I let you in?,59
1989 (Deluxe),All You Had to Do Was Stay,5,"(Stay) Hey, now you say you want it back",60
1989 (Deluxe),All You Had to Do Was Stay,5,Now that it's just too late,61
1989 (Deluxe),All You Had to Do Was Stay,5,"Well, could've been easy (All you had to do was stay)",62
1989 (Deluxe),All You Had to Do Was Stay,5,All you had to do was (Stay),63
1989 (Deluxe),All You Had to Do Was Stay,5,All you had to do was (Stay) (Oh),64
1989 (Deluxe),All You Had to Do Was Stay,5,All you had to do was (Stay),65
1989 (Deluxe),All You Had to Do Was Stay,5,All you had to do was (Stay) (Ooh),66
1989 (Deluxe),All You Had to Do Was Stay,5,All you had to do was (Stay),67
1989 (Deluxe),Shake It Off,6,I stay out too late,1
1989 (Deluxe),Shake It Off,6,Got nothing in my brain,2
1989 (Deluxe),Shake It Off,6,"That's what people say, mmm-mmm",3
1989 (Deluxe),Shake It Off,6,"That's what people say, mmm-mmm",4
1989 (Deluxe),Shake It Off,6,I go on too many dates,5
1989 (Deluxe),Shake It Off,6,But I can't make them stay,6
1989 (Deluxe),Shake It Off,6,"At least that's what people say, mmm-mmm",7
1989 (Deluxe),Shake It Off,6,"That's what people say, mmm-mmm",8
1989 (Deluxe),Shake It Off,6,But I keep cruisin',9
1989 (Deluxe),Shake It Off,6,"Can't stop, won't stop movin'",10
1989 (Deluxe),Shake It Off,6,It's like I got this music in my mind,11
1989 (Deluxe),Shake It Off,6,Sayin' it's gonna be alright,12
1989 (Deluxe),Shake It Off,6,"'Cause the players gonna play, play, play, play, play",13
1989 (Deluxe),Shake It Off,6,"And the haters gonna hate, hate, hate, hate, hate",14
1989 (Deluxe),Shake It Off,6,"Baby, I'm just gonna shake, shake, shake, shake, shake",15
1989 (Deluxe),Shake It Off,6,"I shake it off, I shake it off",16
1989 (Deluxe),Shake It Off,6,"Heartbreakers gonna break, break, break, break, break",17
1989 (Deluxe),Shake It Off,6,"And the fakers gonna fake, fake, fake, fake, fake",18
1989 (Deluxe),Shake It Off,6,"Baby, I'm just gonna shake, shake, shake, shake, shake",19
1989 (Deluxe),Shake It Off,6,"I shake it off, I shake it off",20
1989 (Deluxe),Shake It Off,6,I never miss a beat,21
1989 (Deluxe),Shake It Off,6,I'm lightnin' on my feet,22
1989 (Deluxe),Shake It Off,6,"And that's what they don't see, mmm-mmm",23
1989 (Deluxe),Shake It Off,6,"That's what they don't see, mmm-mmm",24
1989 (Deluxe),Shake It Off,6,I'm dancin' on my own (Dancin' on my own),25
1989 (Deluxe),Shake It Off,6,I make the moves up as I go (Moves up as I go),26
1989 (Deluxe),Shake It Off,6,"And that's what they don't know, mmm-mmm",27
1989 (Deluxe),Shake It Off,6,"That's what they don't know, mmm-mmm",28
1989 (Deluxe),Shake It Off,6,But I keep cruisin',29
1989 (Deluxe),Shake It Off,6,"Can't stop, won't stop groovin'",30
1989 (Deluxe),Shake It Off,6,It's like I got this music in my mind,31
1989 (Deluxe),Shake It Off,6,Sayin' it's gonna be alright,32
1989 (Deluxe),Shake It Off,6,"'Cause the players gonna play, play, play, play, play",33
1989 (Deluxe),Shake It Off,6,"And the haters gonna hate, hate, hate, hate, hate",34
1989 (Deluxe),Shake It Off,6,"Baby, I'm just gonna shake, shake, shake, shake, shake",35
1989 (Deluxe),Shake It Off,6,"I shake it off, I shake it off",36
1989 (Deluxe),Shake It Off,6,"Heartbreakers gonna break, break, break, break, break",37
1989 (Deluxe),Shake It Off,6,"And the fakers gonna fake, fake, fake, fake, fake",38
1989 (Deluxe),Shake It Off,6,"Baby, I'm just gonna shake, shake, shake, shake, shake",39
1989 (Deluxe),Shake It Off,6,"I shake it off, I shake it off",40
1989 (Deluxe),Shake It Off,6,"Shake it off, I shake it off",41
1989 (Deluxe),Shake It Off,6,"I, I, I shake it off, I shake it off",42
1989 (Deluxe),Shake It Off,6,"I, I, I shake it off, I shake it off",43
1989 (Deluxe),Shake It Off,6,"I, I, I shake it off, I shake it off",44
1989 (Deluxe),Shake It Off,6,"Hey, hey, hey",45
1989 (Deluxe),Shake It Off,6,"Just think, while you've been gettin' down and out about the liars",46
1989 (Deluxe),Shake It Off,6,"And the dirty, dirty cheats of the world",47
1989 (Deluxe),Shake It Off,6,You could've been gettin' down,48
1989 (Deluxe),Shake It Off,6,To this sick beat,49
1989 (Deluxe),Shake It Off,6,My ex-man brought his new girlfriend,50
1989 (Deluxe),Shake It Off,6,"She's like, ""Oh my God!"" But I'm just gonna shake",51
1989 (Deluxe),Shake It Off,6,And to the fella over there with the hella good hair,52
1989 (Deluxe),Shake It Off,6,"Won't you come on over, baby?",53
1989 (Deluxe),Shake It Off,6,"We can shake, shake, shake",54
1989 (Deluxe),Shake It Off,6,"Yeah, oh, oh, oh",55
1989 (Deluxe),Shake It Off,6,"'Cause the players gonna play, play, play, play, play",56
1989 (Deluxe),Shake It Off,6,"And the haters gonna hate, hate, hate, hate, hate",57
1989 (Deluxe),Shake It Off,6,(Haters gonna hate),58
1989 (Deluxe),Shake It Off,6,"Baby, I'm just gonna shake, shake, shake, shake, shake",59
1989 (Deluxe),Shake It Off,6,"I shake it off, I shake it off",60
1989 (Deluxe),Shake It Off,6,"Heartbreakers gonna break, break, break, break, break (Mmm)",61
1989 (Deluxe),Shake It Off,6,"And the fakers gonna fake, fake, fake, fake, fake",62
1989 (Deluxe),Shake It Off,6,"(And fake, and fake, and fake)",63
1989 (Deluxe),Shake It Off,6,"Baby, I'm just gonna shake, shake, shake, shake, shake",64
1989 (Deluxe),Shake It Off,6,"I shake it off, I shake it off",65
1989 (Deluxe),Shake It Off,6,"Shake it off, I shake it off",66
1989 (Deluxe),Shake It Off,6,"I, I, I shake it off, I shake it off",67
1989 (Deluxe),Shake It Off,6,"I, I, I shake it off, I shake it off",68
1989 (Deluxe),Shake It Off,6,"I, I, I shake it off, I shake it off",69
1989 (Deluxe),Shake It Off,6,"Shake it off, I shake it off",70
1989 (Deluxe),Shake It Off,6,"I, I, I shake it off, I shake it off",71
1989 (Deluxe),Shake It Off,6,"I, I, I shake it off, I shake it off",72
1989 (Deluxe),Shake It Off,6,"I, I, I shake it off, I shake it off (Yeah)",73
1989 (Deluxe),Shake It Off,6,"Shake it off, I shake it off",74
1989 (Deluxe),Shake It Off,6,"I, I, I shake it off, I shake it off (You got to)",75
1989 (Deluxe),Shake It Off,6,"I, I, I shake it off, I shake it off",76
1989 (Deluxe),Shake It Off,6,"I, I, I shake it off, I shake it off",77
1989 (Deluxe),I Wish You Would,7,It's 2AM in your car,1
1989 (Deluxe),I Wish You Would,7,"Windows down, you pass my street, the memories start",2
1989 (Deluxe),I Wish You Would,7,"You say it's in the past, you drive straight ahead",3
1989 (Deluxe),I Wish You Would,7,You're thinking that I hate you now,4
1989 (Deluxe),I Wish You Would,7,'Cause you still don't know what I never said,5
1989 (Deluxe),I Wish You Would,7,I wish you would come back,6
1989 (Deluxe),I Wish You Would,7,"Wish I never hung up the phone like I did, I",7
1989 (Deluxe),I Wish You Would,7,Wish you knew that,8
1989 (Deluxe),I Wish You Would,7,"I'd never forget you as long as I live, and I",9
1989 (Deluxe),I Wish You Would,7,"Wish you were right here, right now, it's all good",10
1989 (Deluxe),I Wish You Would,7,I wish you would,11
1989 (Deluxe),I Wish You Would,7,It's 2 AM in my room,12
1989 (Deluxe),I Wish You Would,7,Headlights pass the window pane,13
1989 (Deluxe),I Wish You Would,7,I think of you,14
1989 (Deluxe),I Wish You Would,7,We're a crooked love in a straight line down,15
1989 (Deluxe),I Wish You Would,7,Makes you want to run and hide,16
1989 (Deluxe),I Wish You Would,7,But it makes you turn right back around,17
1989 (Deluxe),I Wish You Would,7,I wish you would come back,18
1989 (Deluxe),I Wish You Would,7,"Wish I never hung up the phone like I did, I",19
1989 (Deluxe),I Wish You Would,7,Wish you knew that,20
1989 (Deluxe),I Wish You Would,7,"I'd never forget you as long as I live, and I",21
1989 (Deluxe),I Wish You Would,7,"Wish you were right here, right now, it's all good",22
1989 (Deluxe),I Wish You Would,7,I wish you would,23
1989 (Deluxe),I Wish You Would,7,I wish we could go back,24
1989 (Deluxe),I Wish You Would,7,"And remember what we were fighting for, and I",25
1989 (Deluxe),I Wish You Would,7,Wish you knew that,26
1989 (Deluxe),I Wish You Would,7,"I miss you too much to be mad anymore, and I",27
1989 (Deluxe),I Wish You Would,7,"Wish you were right here, right now, it's all good",28
1989 (Deluxe),I Wish You Would,7,I wish you would,29
1989 (Deluxe),I Wish You Would,7,"I, I, I, I, I, I wish I, wish I",30
1989 (Deluxe),I Wish You Would,7,"I, I, I, I, I, I wish I, wish I",31
1989 (Deluxe),I Wish You Would,7,"I, I, I, I, I, I wish I, wish I",32
1989 (Deluxe),I Wish You Would,7,You always knew how to push my buttons,33
1989 (Deluxe),I Wish You Would,7,You give me everything and nothing,34
1989 (Deluxe),I Wish You Would,7,"This mad, mad love makes you come running",35
1989 (Deluxe),I Wish You Would,7,To stand back where you stood,36
1989 (Deluxe),I Wish You Would,7,"I wish you would, I wish you would",37
1989 (Deluxe),I Wish You Would,7,"(I wish you would, I wish you would)",38
1989 (Deluxe),I Wish You Would,7,"I wish you would, I wish you would",39
1989 (Deluxe),I Wish You Would,7,"(I wish you would, I wish you would)",40
1989 (Deluxe),I Wish You Would,7,"(I wish I, wish I)",41
1989 (Deluxe),I Wish You Would,7,"2AM, here we are",42
1989 (Deluxe),I Wish You Would,7,"See your face, hear my voice in the dark",43
1989 (Deluxe),I Wish You Would,7,We're a crooked love in a straight line down,44
1989 (Deluxe),I Wish You Would,7,Makes you wanna run and hide,45
1989 (Deluxe),I Wish You Would,7,But it made us turn right back around,46
1989 (Deluxe),I Wish You Would,7,I wish you would come back,47
1989 (Deluxe),I Wish You Would,7,"Wish I never hung up the phone like I did, I",48
1989 (Deluxe),I Wish You Would,7,Wish you knew that,49
1989 (Deluxe),I Wish You Would,7,"I'd never forget you as long as I live, and I",50
1989 (Deluxe),I Wish You Would,7,"Wish you were right here, right now, it's all good",51
1989 (Deluxe),I Wish You Would,7,I wish you would,52
1989 (Deluxe),I Wish You Would,7,I wish you would come back,53
1989 (Deluxe),I Wish You Would,7,"Wish I never hung up the phone like I did, I",54
1989 (Deluxe),I Wish You Would,7,Wish you knew that,55
1989 (Deluxe),I Wish You Would,7,"I'd never forget you as long as I live, and I",56
1989 (Deluxe),I Wish You Would,7,"Wish you were right here, right now, it's all good",57
1989 (Deluxe),I Wish You Would,7,I wish you would,58
1989 (Deluxe),I Wish You Would,7,I wish we could go back,59
1989 (Deluxe),I Wish You Would,7,"And remember what we were fighting for, and I",60
1989 (Deluxe),I Wish You Would,7,Wish you knew that,61
1989 (Deluxe),I Wish You Would,7,"I miss you too much to be mad anymore, and I",62
1989 (Deluxe),I Wish You Would,7,"Wish you were right here, right now, it's all good",63
1989 (Deluxe),I Wish You Would,7,I wish you would,64
1989 (Deluxe),I Wish You Would,7,"(I, I, I, I, I, I wish I, wish I)",65
1989 (Deluxe),I Wish You Would,7,You always knew how to push my buttons,66
1989 (Deluxe),I Wish You Would,7,You give me everything and nothing,67
1989 (Deluxe),I Wish You Would,7,"This mad, mad love makes you come running",68
1989 (Deluxe),I Wish You Would,7,To stand back where you stood,69
1989 (Deluxe),I Wish You Would,7,"I wish you would, I wish you would",70
1989 (Deluxe),I Wish You Would,7,"(I wish you would, I wish you would)",71
1989 (Deluxe),I Wish You Would,7,"I wish you would, I wish you would",72
1989 (Deluxe),I Wish You Would,7,"(I wish you would, I wish you would, I wish you would)",73
1989 (Deluxe),I Wish You Would,7,"(I, I, I, I, I, I wish I, wish I)",74
1989 (Deluxe),I Wish You Would,7,"I, I, I, I, I, I wish I, wish I",75
1989 (Deluxe),I Wish You Would,7,"I, I, I, I, I, I wish I, wish I",76
1989 (Deluxe),I Wish You Would,7,I wish you would,77
1989 (Deluxe),Bad Blood,8,"'Cause baby, now we've got bad blood",1
1989 (Deluxe),Bad Blood,8,You know it used to be mad love,2
1989 (Deluxe),Bad Blood,8,So take a look what you've done,3
1989 (Deluxe),Bad Blood,8,"'Cause baby, now we've got bad blood, hey!",4
1989 (Deluxe),Bad Blood,8,Now we've got problems,5
1989 (Deluxe),Bad Blood,8,And I don't think we can solve 'em,6
1989 (Deluxe),Bad Blood,8,You made a really deep cut,7
1989 (Deluxe),Bad Blood,8,"And baby, now we've got bad blood, hey!",8
1989 (Deluxe),Bad Blood,8,Did you have to do this?,9
1989 (Deluxe),Bad Blood,8,I was thinking that you could be trusted,10
1989 (Deluxe),Bad Blood,8,Did you have to ruin what was shiny?,11
1989 (Deluxe),Bad Blood,8,Now it's all rusted,12
1989 (Deluxe),Bad Blood,8,Did you have to hit me where I'm weak?,13
1989 (Deluxe),Bad Blood,8,"Baby, I couldn't breathe",14
1989 (Deluxe),Bad Blood,8,And rub it in so deep,15
1989 (Deluxe),Bad Blood,8,Salt in the wound like you're laughing right at me,16
1989 (Deluxe),Bad Blood,8,"Oh, it's so sad to",17
1989 (Deluxe),Bad Blood,8,Think about the good times,18
1989 (Deluxe),Bad Blood,8,You and I,19
1989 (Deluxe),Bad Blood,8,"'Cause baby, now we've got bad blood",20
1989 (Deluxe),Bad Blood,8,You know it used to be mad love,21
1989 (Deluxe),Bad Blood,8,So take a look what you've done,22
1989 (Deluxe),Bad Blood,8,"'Cause baby, now we've got bad blood, hey!",23
1989 (Deluxe),Bad Blood,8,Now we've got problems,24
1989 (Deluxe),Bad Blood,8,And I don't think we can solve 'em,25
1989 (Deluxe),Bad Blood,8,You made a really deep cut,26
1989 (Deluxe),Bad Blood,8,"And baby, now we've got bad blood, hey!",27
1989 (Deluxe),Bad Blood,8,Did you think we'd be fine?,28
1989 (Deluxe),Bad Blood,8,Still got scars in my back from your knives,29
1989 (Deluxe),Bad Blood,8,So don't think it's in the past,30
1989 (Deluxe),Bad Blood,8,These kinds of wounds they last and they last,31
1989 (Deluxe),Bad Blood,8,"Now, did you think it all through?",32
1989 (Deluxe),Bad Blood,8,All these things will catch up to you,33
1989 (Deluxe),Bad Blood,8,"And time can heal, but this won't",34
1989 (Deluxe),Bad Blood,8,So if you're coming my way,35
1989 (Deluxe),Bad Blood,8,Just don't,36
1989 (Deluxe),Bad Blood,8,"Oh, it's so sad to",37
1989 (Deluxe),Bad Blood,8,Think about the good times,38
1989 (Deluxe),Bad Blood,8,You and I,39
1989 (Deluxe),Bad Blood,8,"'Cause baby, now we've got bad blood",40
1989 (Deluxe),Bad Blood,8,You know it used to be mad love,41
1989 (Deluxe),Bad Blood,8,So take a look what you've done,42
1989 (Deluxe),Bad Blood,8,"'Cause baby, now we've got bad blood, hey!",43
1989 (Deluxe),Bad Blood,8,Now we've got problems,44
1989 (Deluxe),Bad Blood,8,And I don't think we can solve 'em,45
1989 (Deluxe),Bad Blood,8,You made a really deep cut,46
1989 (Deluxe),Bad Blood,8,"And baby, now we've got bad blood, hey!",47
1989 (Deluxe),Bad Blood,8,Band-aids don't fix bullet holes,48
1989 (Deluxe),Bad Blood,8,You say sorry just for show,49
1989 (Deluxe),Bad Blood,8,"If you live like that, you live with ghosts",50
1989 (Deluxe),Bad Blood,8,Band-aids don't fix bullet holes,51
1989 (Deluxe),Bad Blood,8,You say sorry just for show,52
1989 (Deluxe),Bad Blood,8,"If you live like that, you live with ghosts",53
1989 (Deluxe),Bad Blood,8,"If you love like that, blood runs cold!",54
1989 (Deluxe),Bad Blood,8,"'Cause baby, now we've got bad blood",55
1989 (Deluxe),Bad Blood,8,You know it used to be mad love,56
1989 (Deluxe),Bad Blood,8,So take a look what you've done,57
1989 (Deluxe),Bad Blood,8,"'Cause baby, now we've got bad blood, hey!",58
1989 (Deluxe),Bad Blood,8,Now we've got problems,59
1989 (Deluxe),Bad Blood,8,And I don't think we can solve 'em (Think we can solve 'em),60
1989 (Deluxe),Bad Blood,8,You made a really deep cut,61
1989 (Deluxe),Bad Blood,8,"And baby, now we've got bad blood, hey!",62
1989 (Deluxe),Bad Blood,8,"'Cause baby, now we've got bad blood",63
1989 (Deluxe),Bad Blood,8,You know it used to be mad love,64
1989 (Deluxe),Bad Blood,8,So take a look what you've done (Look what you've done),65
1989 (Deluxe),Bad Blood,8,"'Cause baby, now we've got bad blood, hey!",66
1989 (Deluxe),Bad Blood,8,Now we've got problems,67
1989 (Deluxe),Bad Blood,8,And I don't think we can solve 'em,68
1989 (Deluxe),Bad Blood,8,You made a really deep cut,69
1989 (Deluxe),Bad Blood,8,"And baby, now we've got bad blood, hey!",70
1989 (Deluxe),Wildest Dreams,9,"He said, ""Let's get out of this town",1
1989 (Deluxe),Wildest Dreams,9,"Drive out of the city, away from the crowds""",2
1989 (Deluxe),Wildest Dreams,9,"I thought, ""Heaven can't help me now""",3
1989 (Deluxe),Wildest Dreams,9,Nothing lasts forever,4
1989 (Deluxe),Wildest Dreams,9,But this is gonna take me down,5
1989 (Deluxe),Wildest Dreams,9,He's so tall and handsome as hell,6
1989 (Deluxe),Wildest Dreams,9,"He's so bad, but he does it so well",7
1989 (Deluxe),Wildest Dreams,9,I can see the end as it begins,8
1989 (Deluxe),Wildest Dreams,9,My one condition is,9
1989 (Deluxe),Wildest Dreams,9,Say you'll remember me,10
1989 (Deluxe),Wildest Dreams,9,Standin' in a nice dress,11
1989 (Deluxe),Wildest Dreams,9,"Starin' at the sunset, babe",12
1989 (Deluxe),Wildest Dreams,9,Red lips and rosy cheeks,13
1989 (Deluxe),Wildest Dreams,9,Say you'll see me again,14
1989 (Deluxe),Wildest Dreams,9,Even if it's just in your,15
1989 (Deluxe),Wildest Dreams,9,"Wildest dreams, ah, ha",16
1989 (Deluxe),Wildest Dreams,9,"Wildest dreams, ah, ha",17
1989 (Deluxe),Wildest Dreams,9,"I said, ""No one has to know what we do""",18
1989 (Deluxe),Wildest Dreams,9,"His hands are in my hair, his clothes are in my room",19
1989 (Deluxe),Wildest Dreams,9,And his voice is a familiar sound,20
1989 (Deluxe),Wildest Dreams,9,Nothin' lasts forever,21
1989 (Deluxe),Wildest Dreams,9,But this is gettin' good now,22
1989 (Deluxe),Wildest Dreams,9,He's so tall and handsome as hell,23
1989 (Deluxe),Wildest Dreams,9,"He's so bad, but he does it so well",24
1989 (Deluxe),Wildest Dreams,9,And when we've had our very last kiss,25
1989 (Deluxe),Wildest Dreams,9,My last request is,26
1989 (Deluxe),Wildest Dreams,9,Say you'll remember me,27
1989 (Deluxe),Wildest Dreams,9,Standin' in a nice dress,28
1989 (Deluxe),Wildest Dreams,9,"Starin' at the sunset, babe",29
1989 (Deluxe),Wildest Dreams,9,Red lips and rosy cheeks,30
1989 (Deluxe),Wildest Dreams,9,Say you'll see me again,31
1989 (Deluxe),Wildest Dreams,9,Even if it's just in your,32
1989 (Deluxe),Wildest Dreams,9,"Wildest dreams, ah, ha (Ha, ha)",33
1989 (Deluxe),Wildest Dreams,9,"Wildest dreams, ah, ha",34
1989 (Deluxe),Wildest Dreams,9,You'll see me in hindsight,35
1989 (Deluxe),Wildest Dreams,9,Tangled up with you all night,36
1989 (Deluxe),Wildest Dreams,9,Burnin' it down,37
1989 (Deluxe),Wildest Dreams,9,"Someday, when you leave me",38
1989 (Deluxe),Wildest Dreams,9,I bet these memories,39
1989 (Deluxe),Wildest Dreams,9,Follow you around,40
1989 (Deluxe),Wildest Dreams,9,You'll see me in hindsight,41
1989 (Deluxe),Wildest Dreams,9,Tangled up with you all night,42
1989 (Deluxe),Wildest Dreams,9,Burnin' (Burnin') it (It) down (Down),43
1989 (Deluxe),Wildest Dreams,9,"Someday, when you leave me",44
1989 (Deluxe),Wildest Dreams,9,I bet these memories,45
1989 (Deluxe),Wildest Dreams,9,Follow (Follow) you (You) around,46
1989 (Deluxe),Wildest Dreams,9,(Follow you around),47
1989 (Deluxe),Wildest Dreams,9,Say you'll remember me,48
1989 (Deluxe),Wildest Dreams,9,Standing in a nice dress,49
1989 (Deluxe),Wildest Dreams,9,"Starin' at the sunset, babe",50
1989 (Deluxe),Wildest Dreams,9,Red lips and rosy cheeks,51
1989 (Deluxe),Wildest Dreams,9,Say you'll see me again,52
1989 (Deluxe),Wildest Dreams,9,Even if it's just pretend,53
1989 (Deluxe),Wildest Dreams,9,Say you'll remember me,54
1989 (Deluxe),Wildest Dreams,9,Standin' in a nice dress,55
1989 (Deluxe),Wildest Dreams,9,"Starin' at the sunset, babe",56
1989 (Deluxe),Wildest Dreams,9,Red lips and rosy cheeks,57
1989 (Deluxe),Wildest Dreams,9,Say you'll see me again,58
1989 (Deluxe),Wildest Dreams,9,"Even if it's just in your (Just pretend, just pretend)",59
1989 (Deluxe),Wildest Dreams,9,"Wildest dreams, ah, ha (Ah)",60
1989 (Deluxe),Wildest Dreams,9,"In your wildest dreams, ah, ha",61
1989 (Deluxe),Wildest Dreams,9,Even if it's just in your,62
1989 (Deluxe),Wildest Dreams,9,"In your wildest dreams, ah, ha",63
1989 (Deluxe),Wildest Dreams,9,"In your wildest dreams, ah, ha",64
1989 (Deluxe),How You Get the Girl,10,"Oh, oh, oh",1
1989 (Deluxe),How You Get the Girl,10,"Oh, oh, oh",2
1989 (Deluxe),How You Get the Girl,10,"Oh-oh, oh-oh",3
1989 (Deluxe),How You Get the Girl,10,Stand there like a ghost,4
1989 (Deluxe),How You Get the Girl,10,"Shaking from the rain, rain",5
1989 (Deluxe),How You Get the Girl,10,"She'll open up the door and say, ""Are you insane?""",6
1989 (Deluxe),How You Get the Girl,10,Say it's been a long six months,7
1989 (Deluxe),How You Get the Girl,10,"And you were too afraid to tell her what you want, want",8
1989 (Deluxe),How You Get the Girl,10,And that's how it works,9
1989 (Deluxe),How You Get the Girl,10,That's how you get the girl,10
1989 (Deluxe),How You Get the Girl,10,"And then, you say",11
1989 (Deluxe),How You Get the Girl,10,I want you for worse or for better,12
1989 (Deluxe),How You Get the Girl,10,I would wait forever and ever,13
1989 (Deluxe),How You Get the Girl,10,"Broke your heart, I'll put it back together",14
1989 (Deluxe),How You Get the Girl,10,I would wait forever and ever,15
1989 (Deluxe),How You Get the Girl,10,And that's how it works,16
1989 (Deluxe),How You Get the Girl,10,"That's how you get the girl, girl (Oh-oh, oh)",17
1989 (Deluxe),How You Get the Girl,10,And that's how it works,18
1989 (Deluxe),How You Get the Girl,10,"That's how you get the girl, girl",19
1989 (Deluxe),How You Get the Girl,10,"Remind her how it used to be, be, yeah-yeah",20
1989 (Deluxe),How You Get the Girl,10,"With pictures in frames of kisses on cheeks, cheeks",21
1989 (Deluxe),How You Get the Girl,10,"Tell her how you must have lost your mind, ooh-ooh",22
1989 (Deluxe),How You Get the Girl,10,When you left her all alone,23
1989 (Deluxe),How You Get the Girl,10,"And never told her why, why",24
1989 (Deluxe),How You Get the Girl,10,And that's how it works,25
1989 (Deluxe),How You Get the Girl,10,That's how you lost the girl,26
1989 (Deluxe),How You Get the Girl,10,"And now, you say",27
1989 (Deluxe),How You Get the Girl,10,I want you for worse or for better,28
1989 (Deluxe),How You Get the Girl,10,I would wait forever and ever (Ever and ever),29
1989 (Deluxe),How You Get the Girl,10,"Broke your heart, I'll put it back together",30
1989 (Deluxe),How You Get the Girl,10,I would wait forever and ever,31
1989 (Deluxe),How You Get the Girl,10,And that's how it works,32
1989 (Deluxe),How You Get the Girl,10,"That's how you get the girl, girl (Oh-oh, oh-oh)",33
1989 (Deluxe),How You Get the Girl,10,And that's how it works,34
1989 (Deluxe),How You Get the Girl,10,"That's how you get the girl, girl",35
1989 (Deluxe),How You Get the Girl,10,"Yeah, yeah",36
1989 (Deluxe),How You Get the Girl,10,And you know,37
1989 (Deluxe),How You Get the Girl,10,"Oh, oh, oh, oh, oh, oh, oh, oh, oh, oh",38
1989 (Deluxe),How You Get the Girl,10,"That I don't want you to go, oh, oh",39
1989 (Deluxe),How You Get the Girl,10,Remind me how it used to be,40
1989 (Deluxe),How You Get the Girl,10,Pictures in frames of kisses on cheeks,41
1989 (Deluxe),How You Get the Girl,10,"And say you want me, yeah-yeah",42
1989 (Deluxe),How You Get the Girl,10,And then you say,43
1989 (Deluxe),How You Get the Girl,10,I want you for worse or for better (Worse or for better),44
1989 (Deluxe),How You Get the Girl,10,I would wait forever and ever (Ever and ever),45
1989 (Deluxe),How You Get the Girl,10,"Broke your heart, I'll put it back together",46
1989 (Deluxe),How You Get the Girl,10,I want you forever and ever (I would wait forever and ever),47
1989 (Deluxe),How You Get the Girl,10,And that's how it works,48
1989 (Deluxe),How You Get the Girl,10,"That's how you get the girl, girl (This is how it works)",49
1989 (Deluxe),How You Get the Girl,10,And that's how it works,50
1989 (Deluxe),How You Get the Girl,10,"That's how you get the girl, girl (Get the girl)",51
1989 (Deluxe),How You Get the Girl,10,(That's how it works),52
1989 (Deluxe),How You Get the Girl,10,And that's how it works,53
1989 (Deluxe),How You Get the Girl,10,"That's how you get the girl, girl",54
1989 (Deluxe),How You Get the Girl,10,"(Oh, oh, oh, oh, oh, oh, oh, oh, oh, oh)",55
1989 (Deluxe),How You Get the Girl,10,And that's how it works,56
1989 (Deluxe),How You Get the Girl,10,"That's how you get the girl, girl",57
1989 (Deluxe),How You Get the Girl,10,"(Oh, oh, oh, oh, oh, oh, oh, oh, oh, oh)",58
1989 (Deluxe),How You Get the Girl,10,And that's how it works,59
1989 (Deluxe),How You Get the Girl,10,That's how you got the girl,60
1989 (Deluxe),This Love,11,Clear blue water,1
1989 (Deluxe),This Love,11,High tide came and brought you in,2
1989 (Deluxe),This Love,11,"And I could go on and on, on and on and I will",3
1989 (Deluxe),This Love,11,Skies grew darker,4
1989 (Deluxe),This Love,11,Currents swept you out again,5
1989 (Deluxe),This Love,11,"And you were just gone and gone, gone and gone",6
1989 (Deluxe),This Love,11,In silent screams and wildest dreams,7
1989 (Deluxe),This Love,11,I never dreamed of this,8
1989 (Deluxe),This Love,11,"This love is good, this love is bad",9
1989 (Deluxe),This Love,11,"This love is alive back from the dead, oh-oh, oh",10
1989 (Deluxe),This Love,11,"These hands had to let it go free, and",11
1989 (Deluxe),This Love,11,"This love came back to me, oh-oh, oh",12
1989 (Deluxe),This Love,11,"Oh-oh, oh, oh-oh, oh",13
1989 (Deluxe),This Love,11,"Tossing, turning",14
1989 (Deluxe),This Love,11,Struggled through the night with someone new,15
1989 (Deluxe),This Love,11,"And I could go on and on, on and on",16
1989 (Deluxe),This Love,11,"Lantern, burning",17
1989 (Deluxe),This Love,11,"Flickered in my mind, only you",18
1989 (Deluxe),This Love,11,"But you were still gone, gone, gone",19
1989 (Deluxe),This Love,11,"Been losing grip, on sinking ships",20
1989 (Deluxe),This Love,11,You showed up just in time,21
1989 (Deluxe),This Love,11,"This love is good, this love is bad",22
1989 (Deluxe),This Love,11,"This love is alive back from the dead, oh-oh, oh",23
1989 (Deluxe),This Love,11,"These hands had to let it go free, and",24
1989 (Deluxe),This Love,11,"This love came back to me, oh-oh, oh",25
1989 (Deluxe),This Love,11,This love left a permanent mark,26
1989 (Deluxe),This Love,11,"This love is glowing in the dark, oh-oh, oh",27
1989 (Deluxe),This Love,11,"These hands had to let it go free, and",28
1989 (Deluxe),This Love,11,"This love came back to me, oh-oh, oh",29
1989 (Deluxe),This Love,11,"(This love, this love, this love, this love, oh)",30
1989 (Deluxe),This Love,11,"(This love, this love, this love, this love, oh)",31
1989 (Deluxe),This Love,11,"(This love, this love, this love, this love, oh)",32
1989 (Deluxe),This Love,11,"(This love, this love, this love, this love, oh)",33
1989 (Deluxe),This Love,11,"Your kiss, my cheek",34
1989 (Deluxe),This Love,11,I watched you leave,35
1989 (Deluxe),This Love,11,"Your smile, my ghost",36
1989 (Deluxe),This Love,11,I fell to my knees,37
1989 (Deluxe),This Love,11,"When you're young, you just run",38
1989 (Deluxe),This Love,11,But you come back to what you need,39
1989 (Deluxe),This Love,11,"This love is good, this love is bad",40
1989 (Deluxe),This Love,11,"This love is alive back from the dead, oh-oh, oh",41
1989 (Deluxe),This Love,11,"These hands had to let it go free, and",42
1989 (Deluxe),This Love,11,"This love came back to me, oh-oh, oh",43
1989 (Deluxe),This Love,11,(This love) This love left a permanent mark,44
1989 (Deluxe),This Love,11,"(This love) This love is glowing in the dark, oh-oh, oh",45
1989 (Deluxe),This Love,11,"(This love) These hands had to let it go free, and",46
1989 (Deluxe),This Love,11,"(This love) This love came back to me, oh-oh, oh",47
1989 (Deluxe),This Love,11,"(This love, this love, this love, this love, oh)",48
1989 (Deluxe),This Love,11,"(This love, this love, this love, this love, oh)",49
1989 (Deluxe),This Love,11,"(This love, this love, this love, this love)",50
1989 (Deluxe),This Love,11,"This love, this love came back to me, oh-oh, oh",51
1989 (Deluxe),I Know Places,12,"I, I, I, I, I, I, I, I-I",1
1989 (Deluxe),I Know Places,12,"I, I, I, I, I, I, I, I-I",2
1989 (Deluxe),I Know Places,12,"I, I, I, I, I, I, I, I-I (I, I, I, I)",3
1989 (Deluxe),I Know Places,12,You stand with your hand on my waistline,4
1989 (Deluxe),I Know Places,12,It's a scene and we're out here in plain sight,5
1989 (Deluxe),I Know Places,12,I can hear them whisper as we pass by,6
1989 (Deluxe),I Know Places,12,"It's a bad sign, bad sign",7
1989 (Deluxe),I Know Places,12,Something happens when everybody finds out,8
1989 (Deluxe),I Know Places,12,"See the vultures circling, dark clouds",9
1989 (Deluxe),I Know Places,12,"Love's a fragile little flame, it could burn out",10
1989 (Deluxe),I Know Places,12,It could burn out,11
1989 (Deluxe),I Know Places,12,"'Cause they got the cages, they got the boxes and guns",12
1989 (Deluxe),I Know Places,12,"They are the hunters, we are the foxes and we run",13
1989 (Deluxe),I Know Places,12,"Baby, I know places we won't be found",14
1989 (Deluxe),I Know Places,12,And they'll be chasing their tails trying to track us down,15
1989 (Deluxe),I Know Places,12,"'Cause I, I know places we can hide",16
1989 (Deluxe),I Know Places,12,"I know places, I know places",17
1989 (Deluxe),I Know Places,12,Lights flash and we'll run for the fences,18
1989 (Deluxe),I Know Places,12,"Let them say what they want, we won't hear it",19
1989 (Deluxe),I Know Places,12,Loose lips sink ships all the damn time,20
1989 (Deluxe),I Know Places,12,Not this time,21
1989 (Deluxe),I Know Places,12,"Just grab my hand and don't ever drop it, my love",22
1989 (Deluxe),I Know Places,12,"They are the hunters, we are the foxes, and we run",23
1989 (Deluxe),I Know Places,12,"Baby, I know places we won't be found",24
1989 (Deluxe),I Know Places,12,And they'll be chasing their tails trying to track us down,25
1989 (Deluxe),I Know Places,12,"'Cause I, I know places we can hide",26
1989 (Deluxe),I Know Places,12,I know places,27
1989 (Deluxe),I Know Places,12,"They are the hunters, we are the foxes, and we run",28
1989 (Deluxe),I Know Places,12,"Just grab my hand and don't ever drop it, my love",29
1989 (Deluxe),I Know Places,12,"Baby, I know places we won't be found",30
1989 (Deluxe),I Know Places,12,And they'll be chasing their tails trying to track us down,31
1989 (Deluxe),I Know Places,12,"'Cause I, I know places we can hide",32
1989 (Deluxe),I Know Places,12,I know places,33
1989 (Deluxe),I Know Places,12,"They take their shots, but we're bulletproof (I know places)",34
1989 (Deluxe),I Know Places,12,"And you know for me, it's always you (I know places)",35
1989 (Deluxe),I Know Places,12,"In the dead of night, your eyes so green (I know places)",36
1989 (Deluxe),I Know Places,12,"And I know for you, it's always me (I know places)",37
1989 (Deluxe),I Know Places,12,"I, I, I, I, I, I, I, I-I",38
1989 (Deluxe),I Know Places,12,"I, I, I, I, I, I, I, I-I",39
1989 (Deluxe),Clean,13,"The drought was the very worst (Oh-oh, oh-oh)",1
1989 (Deluxe),Clean,13,When the flowers that we'd grown together died of thirst,2
1989 (Deluxe),Clean,13,"It was months and months of back and forth (Oh-oh, oh-oh)",3
1989 (Deluxe),Clean,13,You're still all over me,4
1989 (Deluxe),Clean,13,Like a wine-stained dress I can't wear anymore,5
1989 (Deluxe),Clean,13,Hung my head as I lost the war,6
1989 (Deluxe),Clean,13,And the sky turned black like a perfect storm,7
1989 (Deluxe),Clean,13,Rain came pouring down,8
1989 (Deluxe),Clean,13,"When I was drowning, that's when I could finally breathe",9
1989 (Deluxe),Clean,13,And by morning,10
1989 (Deluxe),Clean,13,"Gone was any trace of you, I think I am finally clean",11
1989 (Deluxe),Clean,13,"(Oh, oh, oh, oh)",12
1989 (Deluxe),Clean,13,"There was nothing left to do (Oh-oh, oh-oh)",13
1989 (Deluxe),Clean,13,When the butterflies turned to,14
1989 (Deluxe),Clean,13,Dust that covered my whole room,15
1989 (Deluxe),Clean,13,"So I punched a hole in the roof (Oh-oh, oh-oh)",16
1989 (Deluxe),Clean,13,Let the flood carry away all my pictures of you,17
1989 (Deluxe),Clean,13,"The water filled my lungs, I screamed so loud",18
1989 (Deluxe),Clean,13,But no one heard a thing,19
1989 (Deluxe),Clean,13,Rain came pouring down,20
1989 (Deluxe),Clean,13,"When I was drowning, that's when I could finally breathe",21
1989 (Deluxe),Clean,13,And by morning,22
1989 (Deluxe),Clean,13,"Gone was any trace of you, I think I am finally clean",23
1989 (Deluxe),Clean,13,"(Oh, oh, oh, oh)",24
1989 (Deluxe),Clean,13,I think I am finally clean,25
1989 (Deluxe),Clean,13,"(Oh, oh)",26
1989 (Deluxe),Clean,13,"Oh, oh, oh, oh, oh-oh",27
1989 (Deluxe),Clean,13,"Said, I think I am finally clean",28
1989 (Deluxe),Clean,13,"(Oh, oh)",29
1989 (Deluxe),Clean,13,"Oh, oh, oh, oh, oh-oh",30
1989 (Deluxe),Clean,13,"Ten months sober, I must admit",31
1989 (Deluxe),Clean,13,"Just because you're clean, don't mean you don't miss it",32
1989 (Deluxe),Clean,13,"Ten months older, I won't give in",33
1989 (Deluxe),Clean,13,"Now that I'm clean, I'm never gonna risk it",34
1989 (Deluxe),Clean,13,"The drought was the very worst (Oh-oh, oh-oh)",35
1989 (Deluxe),Clean,13,When the flowers that we'd grown together died of thirst,36
1989 (Deluxe),Clean,13,(Oh),37
1989 (Deluxe),Clean,13,The rain came pouring down,38
1989 (Deluxe),Clean,13,"When I was drowning, that's when I could finally breathe",39
1989 (Deluxe),Clean,13,And by morning,40
1989 (Deluxe),Clean,13,"Gone was any trace of you, I think I am finally clean",41
1989 (Deluxe),Clean,13,Rain came pouring down,42
1989 (Deluxe),Clean,13,"When I was drowning, that's when I could finally breathe",43
1989 (Deluxe),Clean,13,And by morning,44
1989 (Deluxe),Clean,13,"Gone was any trace of you, I think I am finally clean",45
1989 (Deluxe),Clean,13,"(Oh, oh)",46
1989 (Deluxe),Clean,13,Finally clean,47
1989 (Deluxe),Clean,13,Think I'm finally clean,48
1989 (Deluxe),Clean,13,"(Oh, oh)",49
1989 (Deluxe),Clean,13,"Oh-oh, oh-oh",50
1989 (Deluxe),Clean,13,"(Oh, oh, oh)",51
1989 (Deluxe),Clean,13,Think I'm finally clean,52
1989 (Deluxe),Wonderland,14,Flashing lights and we,1
1989 (Deluxe),Wonderland,14,Took a wrong turn and we,2
1989 (Deluxe),Wonderland,14,Fell down a rabbit hole,3
1989 (Deluxe),Wonderland,14,You held on tight to me,4
1989 (Deluxe),Wonderland,14,'Cause nothing's as it seems,5
1989 (Deluxe),Wonderland,14,And spinning out of control,6
1989 (Deluxe),Wonderland,14,Didn't they tell us don't rush into things?,7
1989 (Deluxe),Wonderland,14,Didn't you flash your green eyes at me?,8
1989 (Deluxe),Wonderland,14,Haven't you heard what becomes of curious minds?,9
1989 (Deluxe),Wonderland,14,"Ooh, didn't it all seem new and exciting?",10
1989 (Deluxe),Wonderland,14,I felt your arms twistin' around me,11
1989 (Deluxe),Wonderland,14,I should have slept with one eye open at night,12
1989 (Deluxe),Wonderland,14,We found Wonderland,13
1989 (Deluxe),Wonderland,14,You and I got lost in it,14
1989 (Deluxe),Wonderland,14,"And we pretended it could last forever (Eh, eh)",15
1989 (Deluxe),Wonderland,14,We found Wonderland,16
1989 (Deluxe),Wonderland,14,You and I got lost in it,17
1989 (Deluxe),Wonderland,14,"And life was never worse but never better (Eh, eh)",18
1989 (Deluxe),Wonderland,14,"(Eh, eh, eh, eh, eh)",19
1989 (Deluxe),Wonderland,14,In Wonderland,20
1989 (Deluxe),Wonderland,14,"(Eh, eh, eh, eh, eh)",21
1989 (Deluxe),Wonderland,14,In Wonderland,22
1989 (Deluxe),Wonderland,14,"(Eh, eh, eh, eh, eh)",23
1989 (Deluxe),Wonderland,14,In Wonderland,24
1989 (Deluxe),Wonderland,14,"(Eh, eh, eh, eh, eh)",25
1989 (Deluxe),Wonderland,14,In Wonderland,26
1989 (Deluxe),Wonderland,14,So we went on our way,27
1989 (Deluxe),Wonderland,14,Too in love to think straight,28
1989 (Deluxe),Wonderland,14,"All alone, or so it seemed",29
1989 (Deluxe),Wonderland,14,But there were strangers watching,30
1989 (Deluxe),Wonderland,14,And whispers turned to talking,31
1989 (Deluxe),Wonderland,14,"And talking turned to screams, oh",32
1989 (Deluxe),Wonderland,14,Didn't they tell us don't rush into things?,33
1989 (Deluxe),Wonderland,14,Didn't you flash your green eyes at me?,34
1989 (Deluxe),Wonderland,14,Didn't you calm my fears with a Cheshire cat smile?,35
1989 (Deluxe),Wonderland,14,"Ooh, didn't it all seem new and exciting?",36
1989 (Deluxe),Wonderland,14,I felt your arms twistin' around me,37
1989 (Deluxe),Wonderland,14,It's all fun and games 'til somebody loses their mind,38
1989 (Deluxe),Wonderland,14,But darlin',39
1989 (Deluxe),Wonderland,14,We found Wonderland,40
1989 (Deluxe),Wonderland,14,You and I got lost in it,41
1989 (Deluxe),Wonderland,14,"And we pretended it could last forever (Eh, eh)",42
1989 (Deluxe),Wonderland,14,We found Wonderland,43
1989 (Deluxe),Wonderland,14,You and I got lost in it,44
1989 (Deluxe),Wonderland,14,"And life was never worse but never better (Eh, eh)",45
1989 (Deluxe),Wonderland,14,"(Eh, eh, eh, eh, eh)",46
1989 (Deluxe),Wonderland,14,In Wonderland,47
1989 (Deluxe),Wonderland,14,"(Eh, eh, eh, eh, eh)",48
1989 (Deluxe),Wonderland,14,In Wonderland,49
1989 (Deluxe),Wonderland,14,"(Eh, eh, eh, eh, eh)",50
1989 (Deluxe),Wonderland,14,In Wonderland,51
1989 (Deluxe),Wonderland,14,"(Eh, eh, eh, eh, eh)",52
1989 (Deluxe),Wonderland,14,"Whoa, in Wonderland",53
1989 (Deluxe),Wonderland,14,"I reached for you, but you were gone",54
1989 (Deluxe),Wonderland,14,I knew I had to go back home,55
1989 (Deluxe),Wonderland,14,You searched the world for something else,56
1989 (Deluxe),Wonderland,14,To make you feel like what we had,57
1989 (Deluxe),Wonderland,14,"And in the end, in Wonderland",58
1989 (Deluxe),Wonderland,14,We both went mad,59
1989 (Deluxe),Wonderland,14,Oh,60
1989 (Deluxe),Wonderland,14,We found Wonderland,61
1989 (Deluxe),Wonderland,14,You and I got lost in it,62
1989 (Deluxe),Wonderland,14,And we pretended it could last forever,63
1989 (Deluxe),Wonderland,14,"Last forever (Eh, eh)",64
1989 (Deluxe),Wonderland,14,We found Wonderland,65
1989 (Deluxe),Wonderland,14,You and I got lost in it (Got lost in it),66
1989 (Deluxe),Wonderland,14,And life was never worse but never better,67
1989 (Deluxe),Wonderland,14,"Never better (Eh, eh)",68
1989 (Deluxe),Wonderland,14,"(Eh, eh, eh, eh, eh)",69
1989 (Deluxe),Wonderland,14,We found Wonderland,70
1989 (Deluxe),Wonderland,14,You and I got lost in it,71
1989 (Deluxe),Wonderland,14,"(Eh, eh, eh, eh, eh)",72
1989 (Deluxe),Wonderland,14,And we pretended it could last forever (In Wonderland),73
1989 (Deluxe),Wonderland,14,"(Eh, eh, eh, eh, eh)",74
1989 (Deluxe),Wonderland,14,We found Wonderland,75
1989 (Deluxe),Wonderland,14,You and I got lost in it,76
1989 (Deluxe),Wonderland,14,"(Eh, eh, eh, eh, eh)",77
1989 (Deluxe),Wonderland,14,And life was never worse but never better,78
1989 (Deluxe),Wonderland,14,In Wonderland,79
1989 (Deluxe),You Are in Love,15,"One look, dark room",1
1989 (Deluxe),You Are in Love,15,Meant just for you,2
1989 (Deluxe),You Are in Love,15,"Time moved too fast, you play it back",3
1989 (Deluxe),You Are in Love,15,"Buttons on a coat, lighthearted joke",4
1989 (Deluxe),You Are in Love,15,"No proof, not much, but you saw enough",5
1989 (Deluxe),You Are in Love,15,"Small talk, he drives",6
1989 (Deluxe),You Are in Love,15,Coffee at midnight,7
1989 (Deluxe),You Are in Love,15,The light reflects the chain on your neck,8
1989 (Deluxe),You Are in Love,15,"He says, ""Look up""",9
1989 (Deluxe),You Are in Love,15,And your shoulders brush,10
1989 (Deluxe),You Are in Love,15,"No proof, one touch, but you felt enough",11
1989 (Deluxe),You Are in Love,15,"You can hear it in the silence (Silence), silence (Silence), you",12
1989 (Deluxe),You Are in Love,15,"You can feel it on the way home (Way home), way home (Way home), you",13
1989 (Deluxe),You Are in Love,15,"You can see it with the lights out (Lights out), lights out (Lights out)",14
1989 (Deluxe),You Are in Love,15,"You are in love, true love",15
1989 (Deluxe),You Are in Love,15,You are in love,16
1989 (Deluxe),You Are in Love,15,"Morning, his place",17
1989 (Deluxe),You Are in Love,15,"Burnt toast, Sunday",18
1989 (Deluxe),You Are in Love,15,"You keep his shirt, he keeps his word",19
1989 (Deluxe),You Are in Love,15,"And for once, you let go",20
1989 (Deluxe),You Are in Love,15,Of your fears and your ghosts,21
1989 (Deluxe),You Are in Love,15,"One step, not much, but it said enough",22
1989 (Deluxe),You Are in Love,15,You kiss on sidewalks,23
1989 (Deluxe),You Are in Love,15,You fight and you talk,24
1989 (Deluxe),You Are in Love,15,"One night, he wakes",25
1989 (Deluxe),You Are in Love,15,Strange look on his face,26
1989 (Deluxe),You Are in Love,15,"Pauses, then says ""You're my best friend""",27
1989 (Deluxe),You Are in Love,15,"And you knew what it was, he is in love",28
1989 (Deluxe),You Are in Love,15,"You can hear it in the silence (Silence), silence (Silence), you",29
1989 (Deluxe),You Are in Love,15,"You can feel it on the way home (Way home), way home (Way home), you",30
1989 (Deluxe),You Are in Love,15,"You can see it with the lights out (Lights out), lights out (Lights out)",31
1989 (Deluxe),You Are in Love,15,"You are in love, true love",32
1989 (Deluxe),You Are in Love,15,And so it goes,33
1989 (Deluxe),You Are in Love,15,"You two are dancing in a snow globe, 'round and 'round",34
1989 (Deluxe),You Are in Love,15,And he keeps a picture of you in his office downtown,35
1989 (Deluxe),You Are in Love,15,And you understand now,36
1989 (Deluxe),You Are in Love,15,Why they lost their minds and fought the wars,37
1989 (Deluxe),You Are in Love,15,And why I've spent my whole life trying to put it into words,38
1989 (Deluxe),You Are in Love,15,'Cause you can hear it in the silence,39
1989 (Deluxe),You Are in Love,15,You can feel it on the way home,40
1989 (Deluxe),You Are in Love,15,You can see it with the lights out,41
1989 (Deluxe),You Are in Love,15,"You are in love, true love",42
1989 (Deluxe),You Are in Love,15,You are in love,43
1989 (Deluxe),You Are in Love,15,"You can hear it in the silence (Silence), silence (Silence), you",44
1989 (Deluxe),You Are in Love,15,"You can feel it on the way home (Way home), way home (Way home), you",45
1989 (Deluxe),You Are in Love,15,"You can see it with the lights out (Lights out), lights out (Lights out)",46
1989 (Deluxe),You Are in Love,15,"You are in love, true love",47
1989 (Deluxe),You Are in Love,15,You are in love,48
1989 (Deluxe),You Are in Love,15,"You can hear it in the silence (Silence), silence (Silence), you",49
1989 (Deluxe),You Are in Love,15,"You can feel it on the way home (Way home), way home (Way home), you",50
1989 (Deluxe),You Are in Love,15,"You can see it with the lights out (Lights out), lights out (Lights out)",51
1989 (Deluxe),You Are in Love,15,"You are in love, true love",52
1989 (Deluxe),You Are in Love,15,You are in love,53
1989 (Deluxe),New Romantics,16,"We're all bored, we're all so tired of everything",1
1989 (Deluxe),New Romantics,16,We wait for trains that just aren't coming,2
1989 (Deluxe),New Romantics,16,We show off our different scarlet letters,3
1989 (Deluxe),New Romantics,16,"Trust me, mine is better",4
1989 (Deluxe),New Romantics,16,"We're so young, but we're on the road to ruin",5
1989 (Deluxe),New Romantics,16,"We play dumb, but we know exactly what we're doing",6
1989 (Deluxe),New Romantics,16,We cry tears of mascara in the bathroom,7
1989 (Deluxe),New Romantics,16,"Honey, life is just a classroom",8
1989 (Deluxe),New Romantics,16,"(Ah, ah, ah, ah, ah, ah)",9
1989 (Deluxe),New Romantics,16,"'Cause baby, I could build a castle",10
1989 (Deluxe),New Romantics,16,Out of all the bricks they threw at me,11
1989 (Deluxe),New Romantics,16,And every day is like a battle,12
1989 (Deluxe),New Romantics,16,But every night with us is like a dream,13
1989 (Deluxe),New Romantics,16,"Baby, we're the new romantics",14
1989 (Deluxe),New Romantics,16,"Come on, come along with me",15
1989 (Deluxe),New Romantics,16,Heartbreak is the national anthem,16
1989 (Deluxe),New Romantics,16,We sing it proudly,17
1989 (Deluxe),New Romantics,16,We are too busy dancing to get knocked off our feet,18
1989 (Deluxe),New Romantics,16,"Baby, we're the new romantics",19
1989 (Deluxe),New Romantics,16,The best people in life are free,20
1989 (Deluxe),New Romantics,16,"We're all here, the lights and noise are blinding",21
1989 (Deluxe),New Romantics,16,"We hang back, it's all in the timing",22
1989 (Deluxe),New Romantics,16,It's poker,23
1989 (Deluxe),New Romantics,16,He can't see it in my face,24
1989 (Deluxe),New Romantics,16,But I'm about to play my Ace (Ahh),25
1989 (Deluxe),New Romantics,16,"We need love, but all we want is danger",26
1989 (Deluxe),New Romantics,16,"We team up, then switch sides like a record changer",27
1989 (Deluxe),New Romantics,16,The rumors are terrible and cruel,28
1989 (Deluxe),New Romantics,16,"But honey, most of them are true",29
1989 (Deluxe),New Romantics,16,"(Ah, ah, ah, ah, ah, ah)",30
1989 (Deluxe),New Romantics,16,Joeboy 'Sip (Alcohol)' Official Lyrics & Meaning | Verified,31
1989 (Deluxe),New Romantics,16,"'Cause baby, I could build a castle",32
1989 (Deluxe),New Romantics,16,Out of all the bricks they threw at me,33
1989 (Deluxe),New Romantics,16,And every day is like a battle,34
1989 (Deluxe),New Romantics,16,But every night with us is like a dream,35
1989 (Deluxe),New Romantics,16,"Baby, we're the new romantics",36
1989 (Deluxe),New Romantics,16,"Come on, come along with me",37
1989 (Deluxe),New Romantics,16,Heartbreak is the national anthem,38
1989 (Deluxe),New Romantics,16,We sing it proudly,39
1989 (Deluxe),New Romantics,16,We are too busy dancing (Yeah) to get knocked off our feet,40
1989 (Deluxe),New Romantics,16,"Baby, we're the new romantics",41
1989 (Deluxe),New Romantics,16,The best people in life are free,42
1989 (Deluxe),New Romantics,16,"(Oh, oh, oh-oh, oh)",43
1989 (Deluxe),New Romantics,16,Oh-oh,44
1989 (Deluxe),New Romantics,16,"(Oh, oh, oh-oh, oh)",45
1989 (Deluxe),New Romantics,16,"So, come on, come along with me",46
1989 (Deluxe),New Romantics,16,"(Oh, oh, oh-oh, oh)",47
1989 (Deluxe),New Romantics,16,The best people in life are free,48
1989 (Deluxe),New Romantics,16,"(Oh, oh, oh-oh, oh)",49
1989 (Deluxe),New Romantics,16,Please take my hand and,50
1989 (Deluxe),New Romantics,16,"Please take me dancing, and",51
1989 (Deluxe),New Romantics,16,Please leave me stranded,52
1989 (Deluxe),New Romantics,16,It's so romantic (it's so romantic),53
1989 (Deluxe),New Romantics,16,"(Ah, ah, ah, ah, ah, ah)",54
1989 (Deluxe),New Romantics,16,"Oh, 'cause baby, I could build a castle",55
1989 (Deluxe),New Romantics,16,Out of all the bricks they threw at me,56
1989 (Deluxe),New Romantics,16,"And every day is like a battle, oh-oh",57
1989 (Deluxe),New Romantics,16,But every night with us is like a dream,58
1989 (Deluxe),New Romantics,16,"'Cause baby, I could build a castle (castle)",59
1989 (Deluxe),New Romantics,16,Out of all the bricks they threw at me,60
1989 (Deluxe),New Romantics,16,And every day is like a battle,61
1989 (Deluxe),New Romantics,16,But every night with us is like a dream,62
1989 (Deluxe),New Romantics,16,"Baby, we're the new romantics",63
1989 (Deluxe),New Romantics,16,"Come on, come along with me",64
1989 (Deluxe),New Romantics,16,Heartbreak is the national anthem,65
1989 (Deluxe),New Romantics,16,We sing it proudly,66
1989 (Deluxe),New Romantics,16,We are too busy dancing to get knocked off our feet,67
1989 (Deluxe),New Romantics,16,"Baby, we're the new romantics",68
1989 (Deluxe),New Romantics,16,The best people in life are free,69
